[
  {
    "Image": "0036.jpg",
    "MMK reference": "",
    "Caption": "Ballantrae",
    "Maker": "",
    "Date": "",
    "Location": "Ballantrae",
    "Map": "55.1029691,-5.0344416"
  },
  {
    "Image": "0037.jpg",
    "MMK reference": "",
    "Caption": "Girvan Coast",
    "Maker": "George Washington Wilson",
    "Date": "",
    "Location": "Girvan",
    "Map": "55.2341579,-4.921992"
  },
  {
    "Image": "0038.jpg",
    "MMK reference": "",
    "Caption": "Lifeboat, Girvan",
    "Maker": "George Washington Wilson",
    "Date": "",
    "Location": "Girvan",
    "Map": "55.2341579,-4.921992"
  },
  {
    "Image": "0039.jpg",
    "MMK reference": "",
    "Caption": "Girvan Herring fishery",
    "Maker": "",
    "Date": "",
    "Location": "Girvan",
    "Map": "55.2341579,-4.921992"
  },
  {
    "Image": "0040.jpg",
    "MMK reference": "",
    "Caption": "Girvan Harbour and Ailsa Craig",
    "Maker": "",
    "Date": "",
    "Location": "Girvan",
    "Map": "55.2341579,-4.921992"
  },
  {
    "Image": "0041.jpg",
    "MMK reference": "",
    "Caption": "Dunure Castle",
    "Maker": "",
    "Date": "",
    "Location": "Dunure",
    "Map": "55.4051341,-4.7640897"
  },
  {
    "Image": "0042.jpg",
    "MMK reference": "",
    "Caption": "Ayr",
    "Maker": "",
    "Date": "",
    "Location": "Ayr",
    "Map": "55.4563869,-4.6509544"
  },
  {
    "Image": "0043.jpg",
    "MMK reference": "",
    "Caption": "Peaks of Arran from Saltcoats",
    "Maker": "",
    "Date": "",
    "Location": "Saltcoats",
    "Map": "55.6218952,-4.7381549"
  },
  {
    "Image": "0044.jpg",
    "MMK reference": "",
    "Caption": "The Harbour, Ardrossan",
    "Maker": "James Valentine",
    "Date": "",
    "Location": "Ardrossan",
    "Map": "55.6242213,-4.7735157"
  },
  {
    "Image": "0045.jpg",
    "MMK reference": "",
    "Caption": "At the Harbour, Ardrossan",
    "Maker": "James Valentine",
    "Date": "",
    "Location": "Ardrossan",
    "Map": "55.6242213,-4.7735157"
  },
  {
    "Image": "0046.jpg",
    "MMK reference": "",
    "Caption": "Portencross Castle",
    "Maker": "",
    "Date": "",
    "Location": "Portencross",
    "Map": "55.6993354,-4.9070723"
  },
  {
    "Image": "0047.jpg",
    "MMK reference": "",
    "Caption": "Shipbuilding, John Brown & Co, Glasgow",
    "Maker": "Unknown",
    "Date": 1932,
    "Location": "Glasgow",
    "Map": "55.8980459,-4.4077704"
  },
  {
    "Image": "0048.jpg",
    "MMK reference": "",
    "Caption": "At the Broomielaw, Glasgow",
    "Maker": "George Washington Wilson",
    "Date": "1860s-1880s",
    "Location": "Glasgow",
    "Map": "55.856202,-4.262395"
  },
  {
    "Image": "0049.jpg",
    "MMK reference": "",
    "Caption": "Tarbert from the South",
    "Maker": "",
    "Date": "",
    "Location": "Tarbert",
    "Map": "55.8647553,-5.4211856"
  },
  {
    "Image": "0050.jpg",
    "MMK reference": "",
    "Caption": "SS Columba at Ardrishaig",
    "Maker": "",
    "Date": "",
    "Location": "Ardrishaig",
    "Map": "56.0172968,-5.4593005"
  },
  {
    "Image": "0051.jpg",
    "MMK reference": "",
    "Caption": "Oban from SW",
    "Maker": "",
    "Date": "",
    "Location": "Oban",
    "Map": "56.4110703,-5.4896182"
  },
  {
    "Image": "0052.jpg",
    "MMK reference": "",
    "Caption": "Sound of Mull",
    "Maker": "",
    "Date": "",
    "Location": "Sound of Mull",
    "Map": "56.4147322,-5.852593"
  },
  {
    "Image": "0053.jpg",
    "MMK reference": "",
    "Caption": "Iona Cathedral and St Ronan's Chapel",
    "Maker": "",
    "Date": "",
    "Location": "Iona",
    "Map": "56.3334477,-6.4069819"
  },
  {
    "Image": "0054.jpg",
    "MMK reference": "",
    "Caption": "Clamshell Cave, Staffa",
    "Maker": "James Valentine",
    "Date": "1870s",
    "Location": "Staffa",
    "Map": "56.4335695,-6.3458374"
  },
  {
    "Image": "0055.jpg",
    "MMK reference": "MMK.01239",
    "Caption": "Ferry Boat at Kyle of Lochalsh",
    "Maker": "",
    "Date": "",
    "Location": "Kyle of Lochalsh",
    "Map": "57.2842256,-5.7253359"
  },
  {
    "Image": "0056.jpg",
    "MMK reference": "",
    "Caption": "Making Kelp, South Uist",
    "Maker": "",
    "Date": "",
    "Location": "South Uist",
    "Map": "57.2491481,-7.6058381"
  },
  {
    "Image": "0056.jpg",
    "MMK reference": "",
    "Caption": "Spot where Bonnie Prince Charlie landed 1745, South Uist",
    "Maker": "",
    "Date": "",
    "Location": "South Uist",
    "Map": "57.0735717,-7.3050952"
  },
  {
    "Image": "0058.jpg",
    "MMK reference": "",
    "Caption": "St Kilda",
    "Maker": "",
    "Date": "",
    "Location": "St Kilda",
    "Map": "57.8348853,-8.6335834"
  },
  {
    "Image": "0059.jpg",
    "MMK reference": "",
    "Caption": "St Kilda",
    "Maker": "",
    "Date": "",
    "Location": "St Kilda",
    "Map": "57.2491481,-7.6058381"
  },
  {
    "Image": "0060.jpg",
    "MMK reference": "",
    "Caption": "Barking the nets, Stornoway",
    "Maker": "",
    "Date": "",
    "Location": "Stornoway",
    "Map": "58.2128127,-6.3959222"
  }
]