[
  {
    "Image": "0001.jpg",
    "MMK reference": "",
    "Caption": "View from Muckle Head of Balta Sound",
    "Maker": "",
    "Date": "",
    "Location": "Unst, Shetland",
    "Map": "60.7938362,-0.8719071"
  },
  {
    "Image": "0002.jpg",
    "MMK reference": "",
    "Caption": "Kurka Stack, Island of Balta, Shetland",
    "Maker": "George Washington Wilson",
    "Date": "1860s-1880s",
    "Location": "Balta Island, Shetland",
    "Map": "60.752351,-0.8337912"
  },
  {
    "Image": "0003.jpg",
    "MMK reference": "",
    "Caption": "Scalloway from N",
    "Maker": "",
    "Date": "",
    "Location": "Scalloway, Shetland",
    "Map": "60.1377348,-1.2997126"
  },
  {
    "Image": "0004.jpg",
    "MMK reference": "",
    "Caption": "Bressay Lighthouse, Lerwick",
    "Maker": "",
    "Date": "",
    "Location": "Lerwick",
    "Map": "60.1199636,-1.1236277"
  },
  {
    "Image": "0005.jpg",
    "MMK reference": "",
    "Caption": "Ness of Sound , Lerwick",
    "Maker": "",
    "Date": "",
    "Location": "Lerwick, Shetland",
    "Map": "60.13479996,-1.158369"
  },
  {
    "Image": "0006.jpg",
    "MMK reference": "",
    "Caption": "Lerwick from Town Hall",
    "Maker": "",
    "Date": "",
    "Location": "Lerwick",
    "Map": "60.1542928,-1.1486543"
  },
  {
    "Image": "0007.jpg",
    "MMK reference": "",
    "Caption": "Rackwick Moa, Rapness, Westray, Orkney",
    "Maker": "Unknown",
    "Date": "Early 20th century",
    "Location": "Westray, Orkney",
    "Map": "59.2554333,-2.8750875"
  },
  {
    "Image": "0008.jpg",
    "MMK reference": "",
    "Caption": "Sacquoy Head, Rousay, Orkney",
    "Maker": "George Washington Wilson",
    "Date": "1860s-1880s",
    "Location": "Orkney",
    "Map": "59.1634101,-3.1065629"
  },
  {
    "Image": "0009.jpg",
    "MMK reference": "",
    "Caption": "Stenness Fishing Village",
    "Maker": "",
    "Date": "",
    "Location": "Orkney",
    "Map": "58.9685082-3.2292938"
  },
  {
    "Image": "0010.jpg",
    "MMK reference": "",
    "Caption": "Stromness from NE",
    "Maker": "",
    "Date": "",
    "Location": "Orkney",
    "Map": "58.9652438,-3.3126245"
  },
  {
    "Image": "0011.jpg",
    "MMK reference": "",
    "Caption": "Stromness from South",
    "Maker": "",
    "Date": "",
    "Location": "Orkney",
    "Map": "58.9652438,-3.3126245"
  },
  {
    "Image": "0012.jpg",
    "MMK reference": "",
    "Caption": "Old Man of Hoy",
    "Maker": "",
    "Date": "",
    "Location": "Orkney",
    "Map": "58.8833538,-3.4341763"
  },
  {
    "Image": "0013.jpg",
    "MMK reference": "",
    "Caption": "Pentland Firth from Duncansby Head",
    "Maker": "",
    "Date": "",
    "Location": "Pentland Firth",
    "Map": "58.6500206,-3.0508428"
  },
  {
    "Image": "0014.jpg",
    "MMK reference": "",
    "Caption": "Wick Harbour, The Herring Season",
    "Maker": "George Washington Wilson",
    "Date": "1860s-1880s",
    "Location": "Wick",
    "Map": "58.4389904,-3.0869516"
  }
]