[
  {
    "Image": "0015.jpg",
    "MMK reference": "",
    "Caption": "Aberdeen Harbour",
    "Maker": "George Washington Wilson",
    "Date": "1860s-1880s",
    "Location": "Aberdeen",
    "Map": "57.146402,-2.0955979"
  },
  {
    "Image": "0016.jpg",
    "MMK reference": "",
    "Caption": "Aberdeen from Torry",
    "Maker": "",
    "Date": "",
    "Location": "Torry, Aberdeen",
    "Map": "57.1367,-2.0821257"
  },
  {
    "Image": "0017.jpg",
    "MMK reference": "MMK.01270",
    "Caption": "Making Smoked Haddocks",
    "Maker": "James Valentine",
    "Date": 1909,
    "Location": "Aberdeen",
    "Map": "57.146402,-2.0955979"
  },
  {
    "Image": "0018.jpg",
    "MMK reference": "MMK.001108",
    "Caption": "Taking a Dip at Carnoustie",
    "Maker": "",
    "Date": "ca 1920s",
    "Location": "Carnoustie",
    "Map": "56.4955314,-2.8063557"
  },
  {
    "Image": "0019.jpg",
    "MMK reference": "",
    "Caption": "Old Tay Bridge from S (after accident)",
    "Maker": "James Valentine",
    "Date": 1862,
    "Location": "Dundee",
    "Map": "56.4531988,-2.9507446"
  },
  {
    "Image": "0020.jpg",
    "MMK reference": "",
    "Caption": "St Andrews Castle",
    "Maker": "Uknown",
    "Date": "Late 19th centurt",
    "Location": "St Andrews",
    "Map": "56.3419764,-2.7924126"
  },
  {
    "Image": "0021.jpg",
    "MMK reference": "",
    "Caption": "St Monance [sic] from West",
    "Maker": "",
    "Date": "",
    "Location": "St Monans",
    "Map": "56.2020943,-2.7708529"
  },
  {
    "Image": "0022.jpg",
    "MMK reference": "",
    "Caption": "The Toft, Elie, Fife",
    "Maker": "",
    "Date": "",
    "Location": "Elie, Fife",
    "Map": "56.1896521,-2.8516505"
  },
  {
    "Image": "0023.jpg",
    "MMK reference": "",
    "Caption": "The Forth Bridge",
    "Maker": "",
    "Date": "Late 19th centurt",
    "Location": "Firth of Forth",
    "Map": "56.010499,-3.3209357"
  },
  {
    "Image": "0024.jpg",
    "MMK reference": "MMK.00239",
    "Caption": "Forth Bridge (construction)",
    "Maker": "George Washington Wilson",
    "Date": "1860s-1880s",
    "Location": "Firth of Forth",
    "Map": "56.010499,-3.3209357"
  },
  {
    "Image": "0025.jpg",
    "MMK reference": "",
    "Caption": "Fishwives at Cockenzie Harbour",
    "Maker": "",
    "Date": "Late 19th century",
    "Location": "Cockenzie",
    "Map": "55.9688887,-2.9674944"
  },
  {
    "Image": "0026.jpg",
    "MMK reference": "",
    "Caption": "Mending the nets",
    "Maker": "",
    "Date": "",
    "Location": "Cockenzie",
    "Map": "55.9688887,-2.9674944"
  },
  {
    "Image": "0027.jpg",
    "MMK reference": "",
    "Caption": "Young woman at the shore, Cockenzie",
    "Maker": "",
    "Date": "",
    "Location": "Cockenzie",
    "Map": "55.9688887,-2.9674944"
  },
  {
    "Image": "0028.jpg",
    "MMK reference": "",
    "Caption": "Children and adults",
    "Maker": "",
    "Date": "",
    "Location": "Cockenzie",
    "Map": "55.9688887,-2.9674944"
  },
  {
    "Image": "0029.jpg",
    "MMK reference": "",
    "Caption": "Group of women and man",
    "Maker": "",
    "Date": "",
    "Location": "Cockenzie",
    "Map": "55.9688887,-2.9674944"
  },
  {
    "Image": "0030.jpg",
    "MMK reference": "",
    "Caption": "Adult showing model sailboat to boys",
    "Maker": "",
    "Date": "",
    "Location": "Cockenzie",
    "Map": "55.9688887,-2.9674944"
  },
  {
    "Image": "0031.jpg",
    "MMK reference": "",
    "Caption": "Two old men at the shore pointing to the sea",
    "Maker": "",
    "Date": "",
    "Location": "Cockenzie",
    "Map": "55.9688887,-2.9674944"
  },
  {
    "Image": "0032.jpg",
    "MMK reference": "",
    "Caption": "Children bathing at Cockenzie Harbour",
    "Maker": "",
    "Date": "",
    "Location": "Cockenzie",
    "Map": "55.9688887,-2.9674944"
  },
  {
    "Image": "0033.jpg",
    "MMK reference": "",
    "Caption": "Rowers,  North Berwick",
    "Maker": "",
    "Date": "",
    "Location": "North Berwick",
    "Map": "56.052406,-2.7575524"
  },
  {
    "Image": "0034.jpg",
    "MMK reference": "",
    "Caption": "North Berwick views",
    "Maker": "",
    "Date": 1898,
    "Location": "North Berwick",
    "Map": "56.052406,-2.7575524"
  },
  {
    "Image": "0035.jpg",
    "MMK reference": "",
    "Caption": "Tantallon Castle",
    "Maker": "",
    "Date": "",
    "Location": "North Berwick",
    "Map": "56.0563623,-2.6528075"
  }
]