[
  {
    "Image": "0001.jpg",
    "MMK reference": "",
    "Caption": "View from Muckle Head of Balta Sound",
    "Maker": "",
    "Date": "",
    "Location": "Unst, Shetland",
    "Map": "60.7938362,-0.8719071"
  },
  {
    "Image": "0002.jpg",
    "MMK reference": "",
    "Caption": "Kurka Stack, Island of Balta, Shetland",
    "Maker": "George Washington Wilson",
    "Date": "1860s-1880s",
    "Location": "Balta Island, Shetland",
    "Map": "60.752351,-0.8337912"
  },
  {
    "Image": "0003.jpg",
    "MMK reference": "",
    "Caption": "Scalloway from N",
    "Maker": "",
    "Date": "",
    "Location": "Scalloway, Shetland",
    "Map": "60.1377348,-1.2997126"
  },
  {
    "Image": "0004.jpg",
    "MMK reference": "",
    "Caption": "Bressay Lighthouse, Lerwick",
    "Maker": "",
    "Date": "",
    "Location": "Lerwick",
    "Map": "60.1199636,-1.1236277"
  },
  {
    "Image": "0005.jpg",
    "MMK reference": "",
    "Caption": "Ness of Sound , Lerwick",
    "Maker": "",
    "Date": "",
    "Location": "Lerwick, Shetland",
    "Map": "60.13479996,-1.158369"
  },
  {
    "Image": "0006.jpg",
    "MMK reference": "",
    "Caption": "Lerwick from Town Hall",
    "Maker": "",
    "Date": "",
    "Location": "Lerwick",
    "Map": "60.1542928,-1.1486543"
  },
  {
    "Image": "0007.jpg",
    "MMK reference": "",
    "Caption": "Rackwick Moa, Rapness, Westray, Orkney",
    "Maker": "Unknown",
    "Date": "Early 20th century",
    "Location": "Westray, Orkney",
    "Map": "59.2554333,-2.8750875"
  },
  {
    "Image": "0008.jpg",
    "MMK reference": "",
    "Caption": "Sacquoy Head, Rousay, Orkney",
    "Maker": "George Washington Wilson",
    "Date": "1860s-1880s",
    "Location": "Orkney",
    "Map": "59.1634101,-3.1065629"
  },
  {
    "Image": "0009.jpg",
    "MMK reference": "",
    "Caption": "Stenness Fishing Village",
    "Maker": "",
    "Date": "",
    "Location": "Orkney",
    "Map": "58.9685082-3.2292938"
  },
  {
    "Image": "0010.jpg",
    "MMK reference": "",
    "Caption": "Stromness from NE",
    "Maker": "",
    "Date": "",
    "Location": "Orkney",
    "Map": "58.9652438,-3.3126245"
  },
  {
    "Image": "0011.jpg",
    "MMK reference": "",
    "Caption": "Stromness from South",
    "Maker": "",
    "Date": "",
    "Location": "Orkney",
    "Map": "58.9652438,-3.3126245"
  },
  {
    "Image": "0012.jpg",
    "MMK reference": "",
    "Caption": "Old Man of Hoy",
    "Maker": "",
    "Date": "",
    "Location": "Orkney",
    "Map": "58.8833538,-3.4341763"
  },
  {
    "Image": "0013.jpg",
    "MMK reference": "",
    "Caption": "Pentland Firth from Duncansby Head",
    "Maker": "",
    "Date": "",
    "Location": "Pentland Firth",
    "Map": "58.6500206,-3.0508428"
  },
  {
    "Image": "0014.jpg",
    "MMK reference": "",
    "Caption": "Wick Harbour, The Herring Season",
    "Maker": "George Washington Wilson",
    "Date": "1860s-1880s",
    "Location": "Wick",
    "Map": "58.4389904,-3.0869516"
  },
  {
    "Image": "0015.jpg",
    "MMK reference": "",
    "Caption": "Aberdeen Harbour",
    "Maker": "George Washington Wilson",
    "Date": "1860s-1880s",
    "Location": "Aberdeen",
    "Map": "57.146402,-2.0955979"
  },
  {
    "Image": "0016.jpg",
    "MMK reference": "",
    "Caption": "Aberdeen from Torry",
    "Maker": "",
    "Date": "",
    "Location": "Torry, Aberdeen",
    "Map": "57.1367,-2.0821257"
  },
  {
    "Image": "0017.jpg",
    "MMK reference": "MMK.01270",
    "Caption": "Making Smoked Haddocks",
    "Maker": "James Valentine",
    "Date": 1909,
    "Location": "Aberdeen",
    "Map": "57.146402,-2.0955979"
  },
  {
    "Image": "0018.jpg",
    "MMK reference": "MMK.001108",
    "Caption": "Taking a Dip at Carnoustie",
    "Maker": "",
    "Date": "ca 1920s",
    "Location": "Carnoustie",
    "Map": "56.4955314,-2.8063557"
  },
  {
    "Image": "0019.jpg",
    "MMK reference": "",
    "Caption": "Old Tay Bridge from S (after accident)",
    "Maker": "James Valentine",
    "Date": 1862,
    "Location": "Dundee",
    "Map": "56.4531988,-2.9507446"
  },
  {
    "Image": "0020.jpg",
    "MMK reference": "",
    "Caption": "St Andrews Castle",
    "Maker": "Uknown",
    "Date": "Late 19th centurt",
    "Location": "St Andrews",
    "Map": "56.3419764,-2.7924126"
  },
  {
    "Image": "0021.jpg",
    "MMK reference": "",
    "Caption": "St Monance [sic] from West",
    "Maker": "",
    "Date": "",
    "Location": "St Monans",
    "Map": "56.2020943,-2.7708529"
  },
  {
    "Image": "0022.jpg",
    "MMK reference": "",
    "Caption": "The Toft, Elie, Fife",
    "Maker": "",
    "Date": "",
    "Location": "Elie, Fife",
    "Map": "56.1896521,-2.8516505"
  },
  {
    "Image": "0023.jpg",
    "MMK reference": "",
    "Caption": "The Forth Bridge",
    "Maker": "",
    "Date": "Late 19th centurt",
    "Location": "Firth of Forth",
    "Map": "56.010499,-3.3209357"
  },
  {
    "Image": "0024.jpg",
    "MMK reference": "MMK.00239",
    "Caption": "Forth Bridge (construction)",
    "Maker": "George Washington Wilson",
    "Date": "1860s-1880s",
    "Location": "Firth of Forth",
    "Map": "56.010499,-3.3209357"
  },
  {
    "Image": "0025.jpg",
    "MMK reference": "",
    "Caption": "Fishwives at Cockenzie Harbour",
    "Maker": "",
    "Date": "Late 19th century",
    "Location": "Cockenzie",
    "Map": "55.9688887,-2.9674944"
  },
  {
    "Image": "0026.jpg",
    "MMK reference": "",
    "Caption": "Mending the nets",
    "Maker": "",
    "Date": "",
    "Location": "Cockenzie",
    "Map": "55.9688887,-2.9674944"
  },
  {
    "Image": "0027.jpg",
    "MMK reference": "",
    "Caption": "Young woman at the shore, Cockenzie",
    "Maker": "",
    "Date": "",
    "Location": "Cockenzie",
    "Map": "55.9688887,-2.9674944"
  },
  {
    "Image": "0028.jpg",
    "MMK reference": "",
    "Caption": "Children and adults",
    "Maker": "",
    "Date": "",
    "Location": "Cockenzie",
    "Map": "55.9688887,-2.9674944"
  },
  {
    "Image": "0029.jpg",
    "MMK reference": "",
    "Caption": "Group of women and man",
    "Maker": "",
    "Date": "",
    "Location": "Cockenzie",
    "Map": "55.9688887,-2.9674944"
  },
  {
    "Image": "0030.jpg",
    "MMK reference": "",
    "Caption": "Adult showing model sailboat to boys",
    "Maker": "",
    "Date": "",
    "Location": "Cockenzie",
    "Map": "55.9688887,-2.9674944"
  },
  {
    "Image": "0031.jpg",
    "MMK reference": "",
    "Caption": "Two old men at the shore pointing to the sea",
    "Maker": "",
    "Date": "",
    "Location": "Cockenzie",
    "Map": "55.9688887,-2.9674944"
  },
  {
    "Image": "0032.jpg",
    "MMK reference": "",
    "Caption": "Children bathing at Cockenzie Harbour",
    "Maker": "",
    "Date": "",
    "Location": "Cockenzie",
    "Map": "55.9688887,-2.9674944"
  },
  {
    "Image": "0033.jpg",
    "MMK reference": "",
    "Caption": "Rowers,  North Berwick",
    "Maker": "",
    "Date": "",
    "Location": "North Berwick",
    "Map": "56.052406,-2.7575524"
  },
  {
    "Image": "0034.jpg",
    "MMK reference": "",
    "Caption": "North Berwick views",
    "Maker": "",
    "Date": 1898,
    "Location": "North Berwick",
    "Map": "56.052406,-2.7575524"
  },
  {
    "Image": "0035.jpg",
    "MMK reference": "",
    "Caption": "Tantallon Castle",
    "Maker": "",
    "Date": "",
    "Location": "North Berwick",
    "Map": "56.0563623,-2.6528075"
  },
  {
    "Image": "0036.jpg",
    "MMK reference": "",
    "Caption": "Ballantrae",
    "Maker": "",
    "Date": "",
    "Location": "Ballantrae",
    "Map": "55.1029691,-5.0344416"
  },
  {
    "Image": "0037.jpg",
    "MMK reference": "",
    "Caption": "Girvan Coast",
    "Maker": "George Washington Wilson",
    "Date": "",
    "Location": "Girvan",
    "Map": "55.2341579,-4.921992"
  },
  {
    "Image": "0038.jpg",
    "MMK reference": "",
    "Caption": "Lifeboat, Girvan",
    "Maker": "George Washington Wilson",
    "Date": "",
    "Location": "Girvan",
    "Map": "55.2341579,-4.921992"
  },
  {
    "Image": "0039.jpg",
    "MMK reference": "",
    "Caption": "Girvan Herring fishery",
    "Maker": "",
    "Date": "",
    "Location": "Girvan",
    "Map": "55.2341579,-4.921992"
  },
  {
    "Image": "0040.jpg",
    "MMK reference": "",
    "Caption": "Girvan Harbour and Ailsa Craig",
    "Maker": "",
    "Date": "",
    "Location": "Girvan",
    "Map": "55.2341579,-4.921992"
  },
  {
    "Image": "0041.jpg",
    "MMK reference": "",
    "Caption": "Dunure Castle",
    "Maker": "",
    "Date": "",
    "Location": "Dunure",
    "Map": "55.4051341,-4.7640897"
  },
  {
    "Image": "0042.jpg",
    "MMK reference": "",
    "Caption": "Ayr",
    "Maker": "",
    "Date": "",
    "Location": "Ayr",
    "Map": "55.4563869,-4.6509544"
  },
  {
    "Image": "0043.jpg",
    "MMK reference": "",
    "Caption": "Peaks of Arran from Saltcoats",
    "Maker": "",
    "Date": "",
    "Location": "Saltcoats",
    "Map": "55.6218952,-4.7381549"
  },
  {
    "Image": "0044.jpg",
    "MMK reference": "",
    "Caption": "The Harbour, Ardrossan",
    "Maker": "James Valentine",
    "Date": "",
    "Location": "Ardrossan",
    "Map": "55.6242213,-4.7735157"
  },
  {
    "Image": "0045.jpg",
    "MMK reference": "",
    "Caption": "At the Harbour, Ardrossan",
    "Maker": "James Valentine",
    "Date": "",
    "Location": "Ardrossan",
    "Map": "55.6242213,-4.7735157"
  },
  {
    "Image": "0046.jpg",
    "MMK reference": "",
    "Caption": "Portencross Castle",
    "Maker": "",
    "Date": "",
    "Location": "Portencross",
    "Map": "55.6993354,-4.9070723"
  },
  {
    "Image": "0047.jpg",
    "MMK reference": "",
    "Caption": "Shipbuilding, John Brown & Co, Glasgow",
    "Maker": "Unknown",
    "Date": 1932,
    "Location": "Glasgow",
    "Map": "55.8980459,-4.4077704"
  },
  {
    "Image": "0048.jpg",
    "MMK reference": "",
    "Caption": "At the Broomielaw, Glasgow",
    "Maker": "George Washington Wilson",
    "Date": "1860s-1880s",
    "Location": "Glasgow",
    "Map": "55.856202,-4.262395"
  },
  {
    "Image": "0049.jpg",
    "MMK reference": "",
    "Caption": "Tarbert from the South",
    "Maker": "",
    "Date": "",
    "Location": "Tarbert",
    "Map": "55.8647553,-5.4211856"
  },
  {
    "Image": "0050.jpg",
    "MMK reference": "",
    "Caption": "SS Columba at Ardrishaig",
    "Maker": "",
    "Date": "",
    "Location": "Ardrishaig",
    "Map": "56.0172968,-5.4593005"
  },
  {
    "Image": "0051.jpg",
    "MMK reference": "",
    "Caption": "Oban from SW",
    "Maker": "",
    "Date": "",
    "Location": "Oban",
    "Map": "56.4110703,-5.4896182"
  },
  {
    "Image": "0052.jpg",
    "MMK reference": "",
    "Caption": "Sound of Mull",
    "Maker": "",
    "Date": "",
    "Location": "Sound of Mull",
    "Map": "56.4147322,-5.852593"
  },
  {
    "Image": "0053.jpg",
    "MMK reference": "",
    "Caption": "Iona Cathedral and St Ronan's Chapel",
    "Maker": "",
    "Date": "",
    "Location": "Iona",
    "Map": "56.3334477,-6.4069819"
  },
  {
    "Image": "0054.jpg",
    "MMK reference": "",
    "Caption": "Clamshell Cave, Staffa",
    "Maker": "James Valentine",
    "Date": "1870s",
    "Location": "Staffa",
    "Map": "56.4335695,-6.3458374"
  },
  {
    "Image": "0055.jpg",
    "MMK reference": "MMK.01239",
    "Caption": "Ferry Boat at Kyle of Lochalsh",
    "Maker": "",
    "Date": "",
    "Location": "Kyle of Lochalsh",
    "Map": "57.2842256,-5.7253359"
  },
  {
    "Image": "0056.jpg",
    "MMK reference": "",
    "Caption": "Making Kelp, South Uist",
    "Maker": "",
    "Date": "",
    "Location": "South Uist",
    "Map": "57.2491481,-7.6058381"
  },
  {
    "Image": "0056.jpg",
    "MMK reference": "",
    "Caption": "Spot where Bonnie Prince Charlie landed 1745, South Uist",
    "Maker": "",
    "Date": "",
    "Location": "South Uist",
    "Map": "57.0735717,-7.3050952"
  },
  {
    "Image": "0058.jpg",
    "MMK reference": "",
    "Caption": "St Kilda",
    "Maker": "",
    "Date": "",
    "Location": "St Kilda",
    "Map": "57.8348853,-8.6335834"
  },
  {
    "Image": "0059.jpg",
    "MMK reference": "",
    "Caption": "St Kilda",
    "Maker": "",
    "Date": "",
    "Location": "St Kilda",
    "Map": "57.2491481,-7.6058381"
  },
  {
    "Image": "0060.jpg",
    "MMK reference": "",
    "Caption": "Barking the nets, Stornoway",
    "Maker": "",
    "Date": "",
    "Location": "Stornoway",
    "Map": "58.2128127,-6.3959222"
  },
  {
    "Image": "",
    "MMK reference": "",
    "Caption": "",
    "Maker": "",
    "Date": "",
    "Location": "",
    "Map": ""
  },
  {
    "Image": "",
    "MMK reference": "",
    "Caption": "",
    "Maker": "",
    "Date": "",
    "Location": "",
    "Map": ""
  },
  {
    "Image": "",
    "MMK reference": "",
    "Caption": "",
    "Maker": "",
    "Date": "",
    "Location": "",
    "Map": ""
  },
  {
    "Image": "",
    "MMK reference": "",
    "Caption": "",
    "Maker": "",
    "Date": "",
    "Location": "",
    "Map": ""
  },
  {
    "Image": "",
    "MMK reference": "",
    "Caption": "",
    "Maker": "",
    "Date": "",
    "Location": "",
    "Map": ""
  },
  {
    "Image": "",
    "MMK reference": "",
    "Caption": "",
    "Maker": "",
    "Date": "",
    "Location": "",
    "Map": ""
  },
  {
    "Image": "",
    "MMK reference": "",
    "Caption": "",
    "Maker": "",
    "Date": "",
    "Location": "",
    "Map": ""
  },
  {
    "Image": "",
    "MMK reference": "",
    "Caption": "",
    "Maker": "",
    "Date": "",
    "Location": "",
    "Map": ""
  },
  {
    "Image": "",
    "MMK reference": "",
    "Caption": "",
    "Maker": "",
    "Date": "",
    "Location": "",
    "Map": ""
  },
  {
    "Image": "",
    "MMK reference": "",
    "Caption": "",
    "Maker": "",
    "Date": "",
    "Location": "",
    "Map": ""
  },
  {
    "Image": "",
    "MMK reference": "",
    "Caption": "",
    "Maker": "",
    "Date": "",
    "Location": "",
    "Map": ""
  },
  {
    "Image": "",
    "MMK reference": "",
    "Caption": "",
    "Maker": "",
    "Date": "",
    "Location": "",
    "Map": ""
  },
  {
    "Image": "",
    "MMK reference": "",
    "Caption": "",
    "Maker": "",
    "Date": "",
    "Location": "",
    "Map": ""
  },
  {
    "Image": "",
    "MMK reference": "",
    "Caption": "",
    "Maker": "",
    "Date": "",
    "Location": "",
    "Map": ""
  },
  {
    "Image": "",
    "MMK reference": "",
    "Caption": "",
    "Maker": "",
    "Date": "",
    "Location": "",
    "Map": ""
  },
  {
    "Image": "",
    "MMK reference": "",
    "Caption": "",
    "Maker": "",
    "Date": "",
    "Location": "",
    "Map": ""
  },
  {
    "Image": "",
    "MMK reference": "",
    "Caption": "",
    "Maker": "",
    "Date": "",
    "Location": "",
    "Map": ""
  },
  {
    "Image": "",
    "MMK reference": "",
    "Caption": "",
    "Maker": "",
    "Date": "",
    "Location": "",
    "Map": ""
  },
  {
    "Image": "",
    "MMK reference": "",
    "Caption": "",
    "Maker": "",
    "Date": "",
    "Location": "",
    "Map": ""
  },
  {
    "Image": "",
    "MMK reference": "",
    "Caption": "",
    "Maker": "",
    "Date": "",
    "Location": "",
    "Map": ""
  },
  {
    "Image": "",
    "MMK reference": "",
    "Caption": "",
    "Maker": "",
    "Date": "",
    "Location": "",
    "Map": ""
  },
  {
    "Image": "",
    "MMK reference": "",
    "Caption": "",
    "Maker": "",
    "Date": "",
    "Location": "",
    "Map": ""
  },
  {
    "Image": "",
    "MMK reference": "",
    "Caption": "",
    "Maker": "",
    "Date": "",
    "Location": "",
    "Map": ""
  },
  {
    "Image": "",
    "MMK reference": "",
    "Caption": "",
    "Maker": "",
    "Date": "",
    "Location": "",
    "Map": ""
  },
  {
    "Image": "",
    "MMK reference": "",
    "Caption": "",
    "Maker": "",
    "Date": "",
    "Location": "",
    "Map": ""
  },
  {
    "Image": "0040.jpg",
    "MMK reference": "",
    "Caption": "Newhaven Fishwives",
    "Maker": "n/a",
    "Date": "n/a",
    "Location": "Newhaven",
    "Map": ""
  }
]